aiba,aibą,aibę,aibie,aibo,aiby,aiba,aida,aid,aidach,aidami,aidą,aidę,aido,aidom,aidy,aidzie,aideologiczność,aideologiczności,aideologicznościach,aideologicznościami,aideologicznością,aideologicznościom,aideologiczny,aideologiczna,aideologiczną,aideologiczne,aideologicznego,aideologicznej,aideologicznemu,aideologiczni,aideologicznie,aideologicznych,aideologicznym,aideologicznymi,aidi,aids,aidsa,aidsach,aidsami,aidsem,aidsie,aidsom,aidsowi,aidsów,aidsu,aidsy,aids,aidsowiec,aidsowca,aidsowcach,aidsowcami,aidsowce,aidsowcem,aidsowcom,aidsowcowi,aidsowców,aidsowcu,aidsowcy,aidsowcze,aidsowy,aidsowa,aidsową,aidsowe,aidsowego,aidsowej,aidsowemu,aidsowi,aidsowych,aidsowym,aidsowymi,aif,aig,aigikranion,aigikraniona,aigikranionach,aigikranionami,aigikranionem,aigikranionie,aigikranionom,aigikranionowi,aigikranionów,aigikranionu,aigikraniony,aigu,aikido,aikidoczka,aikidoczce,aikidoczek,aikidoczkach,aikidoczkami,aikidoczką,aikidoczkę,aikidoczki,aikidoczko,aikidoczkom,aikidoka,aikidoce,aikidocy,aikidokach,aikidokami,aikidoką,aikidokę,aikidoki,aikidoko,aikidokom,aikidoków,aikoniczny,aikoniczna,aikoniczną,aikoniczne,aikonicznego,aikonicznej,aikonicznemu,aikoniczni,aikonicznych,aikonicznym,aikonicznymi,ailant,ailancie,ailantach,ailantami,ailantem,ailantom,ailantowi,ailantów,ailantu,ailanty,ailloli,aim,ain,ainon,aintelektualizm,aintelektualizmach,aintelektualizmami,aintelektualizmem,aintelektualizmie,aintelektualizmom,aintelektualizmowi,aintelektualizmów,aintelektualizmu,aintelektualizmy,aintelektualność,aintelektualności,aintelektualnościach,aintelektualnościami,aintelektualnością,aintelektualnościom,aintelektualny,aintelektualna,aintelektualną,aintelektualne,aintelektualnego,aintelektualnej,aintelektualnemu,aintelektualni,aintelektualnie,aintelektualnych,aintelektualnym,aintelektualnymi,aioli,air,air,airbag,airbagach,airbagami,airbagi,airbagiem,airbagom,airbagowi,airbagów,airbagu,airbrush,airbrushach,airbrushami,airbrushe,airbrushem,airbrushom,airbrushowi,airbrushów,airbrushu,airbrushy,airbus,airbusa,airbusach,airbusami,airbusem,airbusie,airbusom,airbusowi,airbusów,airbusu,airbusy,airbus,airbusa,airbusem,airbusie,airbusowi,airbusu,airedale,airedali,ais,aischylos,aischylosa,aischylosem,aischylosie,aischylosowi,aisis,aisne,aisza,aiszą,aiszę,aiszo,aiszy,aixam,aixama,aixamach,aixamami,aixamem,aixamie,aixamom,aixamowi,aixamów,aixamy,aixam,aixama,aixamem,aixamie,aixamowi,aizkolaris