aval,avalach,avalami,avale,avalem,avalom,avalowi,avalów,avalu,avalanche,avalanche,avalon,avalona,avalonach,avalonami,avalonem,avalonie,avalonom,avalonowi,avalonów,avalony,avalon,avalona,avalonem,avalonie,avalonowi,avalon,avalonem,avalonie,avalonowi,avalonu,avancer,avans,avansa,avansem,avansie,avansowi,avant,avancie,avantem,avantowi,avantu,avanti,avanti,avarua,avaruą,avaruę,avarui,avaruo,avaruański,avaruańscy,avaruańska,avaruańską,avaruańskich,avaruańskie,avaruańskiego,avaruańskiej,avaruańskiemu,avaruańskim,avaruańskimi,avaruańsko,avaruańsku,avatar,avatara,avatarach,avatarami,avatarem,avatarom,avatarowi,avatarów,avatary,avatarze,avd,ave,avena,aven,avenach,avenami,aveną,avenę,avenie,aveno,avenom,aveny,avensis,avensisa,avensisach,avensisami,avensisem,avensisie,avensisom,avensisowi,avensisów,avensisy,avensis,avensisa,avensisem,avensisie,avensisowi,aveo,aveo,averell,averella,averellach,averellami,averelle,averellem,averellom,averellowi,averellowie,averellów,averellu,averroes,averroesa,averroesem,averroesie,averroesowi,avgolemono,avi,avia,aviach,aviami,avią,avie,avię,avii,avio,aviom,avia,avią,avię,avii,avio,avicenna,avicenną,avicennę,avicennie,avicenno,avicenny,avignon,avignonem,avignonie,avignonowi,avignonu,aviomarin,aviomarinach,aviomarinami,aviomarinem,aviomarinie,aviomarinom,aviomarinowi,aviomarinów,aviomarinu,aviomariny,avocado,avogadro,avogadra,avogadrem,avogadrowi,avogadrze,avoiry,avoirach,avoirami,avoirom,avoirów,avokado,avon,avonem,avonie,avonowi,avonu,avon,avonem,avonie,avonowi,avonu,avraham,avrahama,avrahamach,avrahamami,avrahamem,avrahamie,avrahamom,avrahamowi,avrahamowie,avrahamów,avrahamy,avril,avvivando