coa,coach,coacha,coachach,coachami,coache,coachem,coachom,coachowi,coachowie,coachów,coachu,coach,coacha,coachach,coachami,coache,coachem,coachom,coachowi,coachów,coachu,coaching,coachingach,coachingami,coachingi,coachingiem,coachingom,coachingowi,coachingów,coachingu,coachingowy,coachingowa,coachingową,coachingowe,coachingowego,coachingowej,coachingowemu,coachingowi,coachingowo,coachingowych,coachingowym,coachingowymi,coachka,coachce,coachek,coachkach,coachkami,coachką,coachkę,coachki,coachko,coachkom,coachować,coachowali,coachowaliby,coachowalibyście,coachowalibyśmy,coachowaliście,coachowaliśmy,coachował,coachowała,coachowałaby,coachowałabym,coachowałabyś,coachowałam,coachowałaś,coachowałby,coachowałbym,coachowałbyś,coachowałem,coachowałeś,coachowało,coachowałoby,coachowały,coachowałyby,coachowałybyście,coachowałybyśmy,coachowałyście,coachowałyśmy,coachowana,coachowaną,coachowane,coachowanego,coachowanej,coachowanemu,coachowani,coachowania,coachowaniach,coachowaniami,coachowanie,coachowaniem,coachowaniom,coachowaniu,coachowano,coachowany,coachowanych,coachowanym,coachowanymi,coachowań,coachuj,coachują,coachując,coachująca,coachującą,coachujące,coachującego,coachującej,coachującemu,coachujący,coachujących,coachującym,coachującymi,coachujcie,coachujcież,coachuje,coachujecie,coachujemy,coachujesz,coachuję,coachujmy,coachujmyż,coachujże,coahuila,coahuilą,coahuilę,coahuili,coahuilo,cob,coba,cobach,cobami,cobem,cobie,cobom,cobowi,cobów,coby,cobain,cobaina,cobainach,cobainami,cobainem,cobainie,cobainom,cobainowi,cobainowie,cobainów,cobainy,cobalamina,cobalamin,cobalaminach,cobalaminami,cobalaminą,cobalaminę,cobalaminie,cobalamino,cobalaminom,cobalaminy,cobham,cobhama,cobhamach,cobhamami,cobhamem,cobhamie,cobhamom,cobhamowi,cobhamowie,cobhamów,cobhamy,cobla,coblach,coblami,coblą,coble,coblę,cobli,coblo,coblom,cobler,coblera,coblerach,coblerami,coblerem,coblerom,coblerowi,coblerów,coblery,coblerze,cobol,cobola,cobolem,cobolowi,cobolu,cobol,coburg,coburga,coburgiem,coburgowi,coburgu,coburn,coburna,coburnach,coburnami,coburnem,coburnie,coburnom,coburnowi,coburnowie,coburnów,coburny,coby,cobym,cobyś,cobyście,cobyśmy,cocacolaholik,cocacolaholicy,cocacolaholika,cocacolaholikach,cocacolaholikami,cocacolaholiki,cocacolaholikiem,cocacolaholikom,cocacolaholikowi,cocacolaholików,cocacolaholiku,cocacolowy,cocacolowa,cocacolową,cocacolowe,cocacolowego,cocacolowej,cocacolowemu,cocacolowi,cocacolowych,cocacolowym,cocacolowymi,cocagne,coccidioides,coccus,coccusa,coccusach,coccusami,coccusem,coccusie,coccusom,coccusowi,coccusów,coccusy,cochać,cocha,cochacie,cochaj,cochają,cochając,cochająca,cochającą,cochające,cochającego,cochającej,cochającemu,cochający,cochających,cochającym,cochającymi,cochajcie,cochajcież,cochajmy,cochajmyż,cochajże,cochali,cochaliby,cochalibyście,cochalibyśmy,cochaliście,cochaliśmy,cochał,cochała,cochałaby,cochałabym,cochałabyś,cochałam,cochałaś,cochałby,cochałbym,cochałbyś,cochałem,cochałeś,cochało,cochałoby,cochały,cochałyby,cochałybyście,cochałybyśmy,cochałyście,cochałyśmy,cocham,cochamy,cochana,cochaną,cochane,cochanego,cochanej,cochanemu,cochani,cochania,cochaniach,cochaniami,cochanie,cochaniem,cochaniom,cochaniu,cochano,cochany,cochanych,cochanym,cochanymi,cochań,cochasz,cochanoviana,cochanovianach,cochanovianami,cochanovianom,cochanovianów,cochnąć,cochną,cochnął,cochnąłby,cochnąłbym,cochnąłbyś,cochnąłem,cochnąłeś,cochnąwszy,cochnę,cochnęli,cochnęliby,cochnęlibyście,cochnęlibyśmy,cochnęliście,cochnęliśmy,cochnęła,cochnęłaby,cochnęłabym,cochnęłabyś,cochnęłam,cochnęłaś,cochnęło,cochnęłoby,cochnęły,cochnęłyby,cochnęłybyście,cochnęłybyśmy,cochnęłyście,cochnęłyśmy,cochnie,cochniecie,cochniemy,cochniesz,cochnięci,cochnięcia,cochnięciach,cochnięciami,cochnięcie,cochnięciem,cochnięciom,cochnięciu,cochnięć,cochnięta,cochniętą,cochnięte,cochniętego,cochniętej,cochniętemu,cochnięto,cochnięty,cochniętych,cochniętym,cochniętymi,cochnij,cochnijcie,cochnijcież,cochnijmy,cochnijmyż,cochnijże,cocido,cockney,cockneya,cockneyach,cockneyami,cockneye,cockneyem,cockneyom,cockneyowi,cockneyów,cockneyu,cockpit,cockpicie,cockpitach,cockpitami,cockpitem,cockpitom,cockpitowi,cockpitów,cockpitu,cockpity,cocktail,cocktailach,cocktailami,cocktaile,cocktailem,cocktaili,cocktailom,cocktailowi,cocktailów,cocktailu,cocktailbar,cocktailbarach,cocktailbarami,cocktailbarem,cocktailbarom,cocktailbarowi,cocktailbarów,cocktailbaru,cocktailbary,cocktailbarze,cocktailowy,cocktailowa,cocktailową,cocktailowe,cocktailowego,cocktailowej,cocktailowemu,cocktailowi,cocktailowo,cocktailowych,cocktailowym,cocktailowymi,coco,cocom,cocooning,cocooningach,cocooningami,cocooningi,cocooningiem,cocooningom,cocooningowi,cocooningów,cocooningu,cocteau,coculla,cocullach,cocullami,cocullą,coculle,cocullę,coculli,cocullo,cocullom,coczwartkowy,coczwartkowa,coczwartkową,coczwartkowe,coczwartkowego,coczwartkowej,coczwartkowemu,coczwartkowi,coczwartkowych,coczwartkowym,coczwartkowymi,coda,coda,cod,codach,codami,codą,codę,codo,codom,cody,codzie,codak,codacy,codaka,codakach,codakami,codaki,codakiem,codakom,codakowi,codaków,codaku,codefon,codefonach,codefonami,codefonem,codefonie,codefonom,codefonowi,codefonów,codefonu,codefony,coden,codena,codenach,codenami,codenem,codenie,codenom,codenowi,codenów,codeny,coden,codn,codogni,codognich,codogniego,codogniemu,codognim,codognimi,codwutygodniowy,codwutygodniowa,codwutygodniową,codwutygodniowe,codwutygodniowego,codwutygodniowej,codwutygodniowemu,codwutygodniowi,codwutygodniowych,codwutygodniowym,codwutygodniowymi,codzienność,codzienności,codziennościach,codziennościami,codziennością,codziennościom,codzienny,codzienna,codzienną,codzienne,codziennego,codziennej,codziennemu,codzienni,codziennie,codziennych,codziennym,codziennymi,coe,coelhizm,coelhizmach,coelhizmami,coelhizmem,coelhizmie,coelhizmom,coelhizmowi,coelhizmów,coelhizmu,coelhizmy,coelho,coelha,coelhach,coelhami,coelhem,coelhom,coelhowi,coelhowie,coelhów,coelhu,coelomatyczny,coelomatyczna,coelomatyczną,coelomatyczne,coelomatycznego,coelomatycznej,coelomatycznemu,coelomatyczni,coelomatycznych,coelomatycznym,coelomatycznymi,coesyt,coesycie,coesytach,coesytami,coesytem,coesytom,coesytowi,coesytów,coesytu,coesyty,coetzee,coetzeech,coetzeego,coetzeem,coetzeemi,coetzeemu,cofacz,cofacza,cofaczach,cofaczami,cofacze,cofaczem,cofaczom,cofaczowi,cofaczów,cofaczu,cofaczy,cofać,cofa,cofacie,cofaj,cofają,cofając,cofająca,cofającą,cofające,cofającego,cofającej,cofającemu,cofający,cofających,cofającym,cofającymi,cofajcie,cofajcież,cofajmy,cofajmyż,cofajże,cofali,cofaliby,cofalibyście,cofalibyśmy,cofaliście,cofaliśmy,cofał,cofała,cofałaby,cofałabym,cofałabyś,cofałam,cofałaś,cofałby,cofałbym,cofałbyś,cofałem,cofałeś,cofało,cofałoby,cofały,cofałyby,cofałybyście,cofałybyśmy,cofałyście,cofałyśmy,cofam,cofamy,cofana,cofaną,cofane,cofanego,cofanej,cofanemu,cofani,cofania,cofaniach,cofaniami,cofanie,cofaniem,cofaniom,cofaniu,cofano,cofany,cofanych,cofanym,cofanymi,cofań,cofasz,cofak,cofaka,cofakach,cofakami,cofaki,cofakiem,cofakom,cofakowi,cofaków,cofaku,cofała,cofale,cofałach,cofałami,cofałą,cofałę,cofało,cofałom,cofałowie,cofałów,cofały,coffinit,coffinicie,coffinitach,coffinitami,coffinitem,coffinitom,coffinitowi,coffinitów,coffinitu,coffinity,cofka,cofce,cofek,cofkach,cofkami,cofką,cofkę,cofki,cofko,cofkom,cofkowy,cofkowa,cofkową,cofkowe,cofkowego,cofkowej,cofkowemu,cofkowi,cofkowych,cofkowym,cofkowymi,cofnąć,cofną,cofnął,cofnąłby,cofnąłbym,cofnąłbyś,cofnąłem,cofnąłeś,cofnąwszy,cofnę,cofnęli,cofnęliby,cofnęlibyście,cofnęlibyśmy,cofnęliście,cofnęliśmy,cofnęła,cofnęłaby,cofnęłabym,cofnęłabyś,cofnęłam,cofnęłaś,cofnęło,cofnęłoby,cofnęły,cofnęłyby,cofnęłybyście,cofnęłybyśmy,cofnęłyście,cofnęłyśmy,cofnie,cofniecie,cofniemy,cofniesz,cofnięci,cofnięcia,cofnięciach,cofnięciami,cofnięcie,cofnięciem,cofnięciom,cofnięciu,cofnięć,cofnięta,cofniętą,cofnięte,cofniętego,cofniętej,cofniętemu,cofnięto,cofnięty,cofniętych,cofniętym,cofniętymi,cofnij,cofnijcie,cofnijcież,cofnijmy,cofnijmyż,cofnijże,cofnik,cofnika,cofnikach,cofnikami,cofniki,cofnikiem,cofnikom,cofnikowi,cofników,cofniku,cognac,cognomen,cognomenach,cognomenami,cognomenem,cognomenie,cognomenom,cognomenowi,cognomenów,cognomenu,cognomeny,cogodzinny,cogodzinna,cogodzinną,cogodzinne,cogodzinnego,cogodzinnej,cogodzinnemu,cogodzinni,cogodzinnych,cogodzinnym,cogodzinnymi,cohabitation,cohen,cohena,cohenach,cohenami,cohenem,cohenie,cohenom,cohenowi,cohenowie,cohenów,coheny,cohenit,cohenicie,cohenitach,cohenitami,cohenitem,cohenitom,cohenitowi,cohenitów,cohenitu,cohenity,cohenowski,cohenowscy,cohenowska,cohenowską,cohenowskich,cohenowskie,cohenowskiego,cohenowskiej,cohenowskiemu,cohenowskim,cohenowskimi,cohenowsko,cohenowsku,cohousing,cohousingach,cohousingami,cohousingi,cohousingiem,cohousingom,cohousingowi,cohousingów,cohousingu,cohousingowy,cohousingowa,cohousingową,cohousingowe,cohousingowego,cohousingowej,cohousingowemu,cohousingowi,cohousingowych,cohousingowym,cohousingowymi,coiffeuse,coimbra,coimbrą,coimbrę,coimbro,coimbry,coimbrze,cointreau,coitus,coitusach,coitusami,coitusem,coitusie,coitusom,coitusowi,coitusów,coitusu,coitusy,cojesienny,cojesienna,cojesienną,cojesienne,cojesiennego,cojesiennej,cojesiennemu,cojesienni,cojesiennych,cojesiennym,cojesiennymi,cojones,cokać,coka,cokacie,cokaj,cokają,cokając,cokająca,cokającą,cokające,cokającego,cokającej,cokającemu,cokający,cokających,cokającym,cokającymi,cokajcie,cokajcież,cokajmy,cokajmyż,cokajże,cokali,cokaliby,cokalibyście,cokalibyśmy,cokaliście,cokaliśmy,cokał,cokała,cokałaby,cokałabym,cokałabyś,cokałam,cokałaś,cokałby,cokałbym,cokałbyś,cokałem,cokałeś,cokało,cokałoby,cokały,cokałyby,cokałybyście,cokałybyśmy,cokałyście,cokałyśmy,cokam,cokamy,cokania,cokaniach,cokaniami,cokanie,cokaniem,cokaniom,cokaniu,cokano,cokań,cokasz,cokolik,cokolika,cokolikach,cokolikami,cokoliki,cokolikiem,cokolikom,cokolikowi,cokolików,cokoliku,cokolwieczek,cokolwiek,cokolwiek,cokołowy,cokołowa,cokołową,cokołowe,cokołowego,cokołowej,cokołowemu,cokołowi,cokołowych,cokołowym,cokołowymi,cokołówka,cokołówce,cokołówek,cokołówkach,cokołówkami,cokołówką,cokołówkę,cokołówki,cokołówko,cokołówkom,cokor,cokora,cokorach,cokorami,cokorem,cokorom,cokorowi,cokorów,cokory,cokorze,cokół,cokole,cokołach,cokołami,cokołem,cokołom,cokołowi,cokołów,cokołu,cokoły,cokwartalny,cokwartalna,cokwartalną,cokwartalne,cokwartalnego,cokwartalnej,cokwartalnemu,cokwartalni,cokwartalnych,cokwartalnym,cokwartalnymi,cola,col,colach,colami,colą,cole,colę,coli,colo,colom,colargol,colargola,colargolem,colargolowi,colargolu,colascione,colbert,colbercie,colberta,colbertach,colbertami,colbertem,colbertom,colbertowi,colbertowie,colbertów,colberty,cole,coleman,colemana,colemanach,colemanami,colemanem,colemanie,colemanom,colemanowi,colemanowie,colemanów,colemany,coleopter,coleoptera,coleopterach,coleopterami,coleopterem,coleopterom,coleopterowi,coleopterów,coleoptery,coleopterze,coleridge,coleslaw,colesław,colesława,colesławach,colesławami,colesławem,colesławie,colesławom,colesławowi,colesławów,colesławy,colette,coletcie,colgate,colgacie,colidar,colidarach,colidarami,colidarem,colidarom,colidarowi,colidarów,colidaru,colidary,colidarze,colin,colina,colinach,colinami,colinem,colinie,colinom,colinowi,colinowie,colinów,coliny,colistin,colistinach,colistinami,colistinem,colistinie,colistinom,colistinowi,colistinów,colistinu,colistiny,colitis,colitisach,colitisami,colitisem,colitisie,colitisom,colitisowi,colitisów,colitisu,colitisy,coliving,colivingach,colivingami,colivingi,colivingiem,colivingom,colivingowi,colivingów,colivingu,collab,collaba,collabach,collabami,collabem,collabie,collabom,collabowi,collabów,collaby,collage,collagowy,collagowa,collagową,collagowe,collagowego,collagowej,collagowemu,collagowi,collagowo,collagowych,collagowym,collagowymi,collateral,collectanea,collectaneach,collectaneami,collectaneom,collectaneów,collectivum,collectiva,collectivach,collectivami,collectivom,collectivów,college,collegit,collegium,collegia,collegiach,collegiami,collegiom,collegiów,colleoni,colleonich,colleoniego,colleoniemu,colleonim,colleonimi,collie,collina,collinach,collinami,colliną,collinę,collinie,collino,collinom,collinowie,collinów,colliny,collins,collinsa,collinsach,collinsami,collinsem,collinsie,collinsom,collinsowi,collinsowie,collinsów,collinsy,collodi,collodich,collodiego,collodiemu,collodim,collodimi,colloquium,colloquia,colloquiach,colloquiami,colloquiom,colloquiów,colman,colmana,colmanach,colmanami,colmanem,colmanie,colmanom,colmanowi,colmanowie,colmanów,colmany,colog,cologarytm,cologarytmach,cologarytmami,cologarytmem,cologarytmie,cologarytmom,cologarytmowi,cologarytmów,cologarytmu,cologarytmy,colombina,colombin,colombinach,colombinami,colombiną,colombinę,colombinie,colombino,colombinom,colombiny,colombina,colombiną,colombinę,colombinie,colombino,colombiny,colombo,colon,colona,colonach,colonami,colonem,colonie,colonom,colonowi,colonów,colony,colonel,colonela,colonelach,colonelami,colonele,colonelem,coloneli,colonelom,colonelowi,colonelów,colonelu,colorado,colosseum,colowy,colowa,colową,colowe,colowego,colowej,colowemu,colowi,colowych,colowym,colowymi,colón,colóna,colónach,colónami,colónem,colónie,colónom,colónowi,colónów,colóny,colt,colcie,colta,coltach,coltami,coltem,coltom,coltowi,coltów,colty,colt,colcie,colta,coltem,coltowi,coltrane,coltranie,columbarium,columbaria,columbariach,columbariami,columbariom,columbariów,columbia,columbią,columbię,columbii,columbio,columbo,columbus,columella,columellą,columellę,columelli,columello,colymycin,colymycinach,colymycinami,colymycinem,colymycinie,colymycinom,colymycinowi,colymycinów,colymycinu,colymyciny,com,comarch,comarchem,comarchowi,comarchu,comber,combra,combrach,combrami,combrem,combrom,combrowi,combrów,combry,combrze,combi,combiwar,combiwarach,combiwarami,combiwarem,combiwarom,combiwarowi,combiwarów,combiwaru,combiwary,combiwarze,combo,combo,comb,comba,combach,combami,combem,combie,combom,combu,combowy,combowa,combową,combowe,combowego,combowej,combowemu,combowi,combowych,combowym,combowymi,combrzyć,combrz,combrzą,combrząc,combrząca,combrzącą,combrzące,combrzącego,combrzącej,combrzącemu,combrzący,combrzących,combrzącym,combrzącymi,combrzcie,combrzcież,combrzeni,combrzenia,combrzeniach,combrzeniami,combrzenie,combrzeniem,combrzeniom,combrzeniu,combrzeń,combrzę,combrzmy,combrzmyż,combrzona,combrzoną,combrzone,combrzonego,combrzonej,combrzonemu,combrzono,combrzony,combrzonych,combrzonym,combrzonymi,combrzy,combrzycie,combrzyli,combrzyliby,combrzylibyście,combrzylibyśmy,combrzyliście,combrzyliśmy,combrzył,combrzyła,combrzyłaby,combrzyłabym,combrzyłabyś,combrzyłam,combrzyłaś,combrzyłby,combrzyłbym,combrzyłbyś,combrzyłem,combrzyłeś,combrzyło,combrzyłoby,combrzyły,combrzyłyby,combrzyłybyście,combrzyłybyśmy,combrzyłyście,combrzyłyśmy,combrzymy,combrzysz,combrzże,comeback,comebackach,comebackami,comebacki,comebackiem,comebackom,comebackowi,comebacków,comebacku,comes,comesa,comesach,comesami,comesem,comesi,comesie,comesom,comesowi,comesowie,comesów,comesy,comes,comesach,comesami,comesem,comesie,comesom,comesowi,comesów,comesu,comesy,comics,comicsach,comicsami,comicsem,comicsie,comicsom,comicsowi,comicsów,comicsu,comicsy,comiesięczny,comiesięczna,comiesięczną,comiesięczne,comiesięcznego,comiesięcznej,comiesięcznemu,comiesięczni,comiesięcznie,comiesięcznych,comiesięcznym,comiesięcznymi,cominutowy,cominutowa,cominutową,cominutowe,cominutowego,cominutowej,cominutowemu,cominutowi,cominutowych,cominutowym,cominutowymi,commedia,commediach,commediami,commedią,commedie,commedię,commedii,commedio,commediom,commedyj,commentarii,commercial,commodore,commodore,commodorze,common,commonwealth,commonwealcie,commonwealsie,commonwealthem,commonwealthowi,commonwealthu,communio,community,communities,como,comodo,compact,compactach,compactami,compactem,compactom,compactowi,compactów,compactu,compacty,compakcie,company,compaq,compaki,compakiem,compaqa,compaqach,compaqami,compaqom,compaqowi,compaqów,compaqu,compaq,compakiem,compaqa,compaqowi,compaqu,comparativus,comparativach,comparativami,comparativem,comparativie,comparativom,comparativowi,comparativów,comparativu,comparativy,comparatiwie,compendium,compendia,compendiach,compendiami,compendiom,compendiów,compluvium,compluvia,compluviach,compluviami,compluviom,compluviów,compositum,composita,compositach,compositami,compositom,compositów,compound,compoundach,compoundami,compoundem,compoundom,compoundowi,compoundów,compoundu,compoundy,compoundzie,compton,comptona,comptonach,comptonami,comptonem,comptonie,comptonom,comptonowi,comptonowie,comptonów,comptony,computerland,computerlandach,computerlandami,computerlandem,computerlandom,computerlandowi,computerlandów,computerlandu,computerlandy,computerlandzie,computerworld,computerworlda,computerworldem,computerworldowi,computerworldzie,comte,comcie,comte,comtes,comtesse,comtesses,comunero,comuneros,conan,conana,conanem,conanie,conanowi,concacaf,concertgebouw,concertina,concertin,concertinach,concertinami,concertiną,concertinę,concertinie,concertino,concertinom,concertiny,concertino,concertin,concertina,concertinach,concertinami,concertinem,concertinie,concertinom,concertinów,concertinu,concerto,concerto,concerto,concerti,conchiglione,concierge,conciergerie,concitato,concord,concorde,concordzie,concorde,concordzie,concordia,concordią,concordię,concordii,concordio,concordy,concordach,concordami,concordom,concordów,condicionalis,condicionaliter,condillac,condillaca,condillacach,condillacami,condillacom,condillacowi,condillacowie,condillaców,condillacu,condillaki,condillakiem,conditionalis,conditionaliter,conditioner,conditionera,conditionerach,conditionerami,conditionerem,conditionerom,conditionerowi,conditionerów,conditionery,conditionerze,condohotel,condohotelach,condohotelami,condohotele,condohotelem,condohoteli,condohotelom,condohotelowi,condohotelów,condohotelu,condoleezza,condoleezz,condoleezzach,condoleezzami,condoleezzą,condoleezzę,condoleezzie,condoleezzo,condoleezzom,condoleezzy,condominium,condominia,condominiach,condominiami,condominiom,condominiów,condon,condona,condonach,condonami,condonem,condonie,condonom,condonowi,condonowie,condonów,condony,conductus,conductusach,conductusami,conductusem,conductusie,conductusom,conductusowi,conductusów,conductusu,conductusy,conduplicatio,confer,confetti,config,configach,configami,configi,configiem,configom,configowi,configów,configu,confiteor,confiteorach,confiteorami,confiteorem,confiteorom,confiteorowi,confiteorów,confiteoru,confiteory,confiteorze,conga,condze,cong,congach,congami,congą,congę,congi,congo,congom,coniebądź,coniedzielność,coniedzielności,coniedzielnościach,coniedzielnościami,coniedzielnością,coniedzielnościom,coniedzielny,coniedzielna,coniedzielną,coniedzielne,coniedzielnego,coniedzielnej,coniedzielnemu,coniedzielni,coniedzielnych,coniedzielnym,coniedzielnymi,coniunctivus,coniunctivach,coniunctivami,coniunctivem,coniunctivie,coniunctivom,coniunctivowi,coniunctivów,coniunctivu,coniunctivy,coniunctiwie,connecticut,connery,connerych,connerym,connerymi,conocny,conocna,conocną,conocne,conocnego,conocnej,conocnemu,conocni,conocnie,conocnych,conocnym,conocnymi,conplace,conquista,conquist,conquistach,conquistami,conquistą,conquistę,conquisto,conquistom,conquisty,conquiście,conrad,conrada,conradach,conradami,conradem,conradom,conradowi,conradowie,conradów,conrady,conradzie,conradowski,conradowscy,conradowska,conradowską,conradowskich,conradowskie,conradowskiego,conradowskiej,conradowskiemu,conradowskim,conradowskimi,conradowski,conradowscy,conradowska,conradowską,conradowskich,conradowskie,conradowskiego,conradowskiej,conradowskiemu,conradowskim,conradowskimi,conradowsko,conradowsku,conradowskość,conradowskości,conradowskościach,conradowskościami,conradowskością,conradowskościom,conradowy,conradowa,conradową,conradowe,conradowego,conradowej,conradowemu,conradowi,conradowych,conradowym,conradowymi,conradysta,conradystach,conradystami,conradystą,conradystę,conradysto,conradystom,conradystów,conradysty,conradyści,conradyście,conradystka,conradystce,conradystek,conradystkach,conradystkami,conradystką,conradystkę,conradystki,conradystko,conradystkom,consens,consensach,consensami,consensem,consensie,consensom,consensowi,consensów,consensu,consensy,consensus,consensusach,consensusami,consensusem,consensusie,consensusom,consensusowi,consensusów,consensusu,consensusy,consilium,consilia,consiliach,consiliami,consiliom,consiliów,consolatio,consort,consorcie,consortach,consortami,consortem,consortom,consortowi,consortów,consortu,consorty,const,constable,constans,constans,constansach,constansami,constanse,constansem,constansie,constansom,constansowi,constansów,constansu,constansy,constantin,constantina,constantinach,constantinami,constantinem,constantinie,constantinom,constantinowi,constantinowie,constantinów,constantiny,constar,constarem,constarowi,constaru,constarze,consulting,consultingach,consultingami,consultingi,consultingiem,consultingom,consultingowi,consultingów,consultingu,consultingowy,consultingowa,consultingową,consultingowe,consultingowego,consultingowej,consultingowemu,consultingowi,consultingowo,consultingowych,consultingowym,consultingowymi,contagium,contagia,contagiach,contagiami,contagiom,contagiów,containment,containmencie,containmentach,containmentami,containmentem,containmentom,containmentowi,containmentów,containmentu,containmenty,content,contencie,contentach,contentami,contentem,contentom,contentowi,contentów,contentu,contenty,contentowy,contentowa,contentową,contentowe,contentowego,contentowej,contentowemu,contentowi,contentowo,contentowych,contentowym,contentowymi,contessa,contess,contessach,contessami,contessą,contessę,contessie,contesso,contessom,contessy,conti,contich,contiego,contiemu,contim,contimi,contiowie,continental,continentala,continentalach,continentalami,continentale,continentalem,continentali,continentalom,continentalowi,continentalu,continental,continentala,continentalem,continentalowi,continentalu,continuandum,continuanda,continuandach,continuandami,continuandom,continuandów,continuum,continua,continuach,continuami,continuom,continuów,contra,contra,contr,contrach,contrami,contrą,contrę,contro,controm,contry,contrze,contras,control,controla,controlach,controlami,controle,controlem,controli,controlom,controlowi,controlów,controlu,control,controla,controlach,controlami,controle,controlem,controli,controlom,controlowi,controlów,controlu,controlling,controllingach,controllingami,controllingi,controllingiem,controllingom,controllingowi,controllingów,controllingu,conubium,conubia,conubiach,conubiami,conubiom,conubiów,converse,conversie,converse,conversie,conversio,cook,cooka,cookach,cookami,cooki,cookiem,cookom,cookowi,cookowie,cooków,cooku,cooke,cookiem,cookie,cookies,cool,coolerski,coolerscy,coolerska,coolerską,coolerskich,coolerskie,coolerskiego,coolerskiej,coolerskiemu,coolerskim,coolerskimi,coolersko,coolersku,coolhunter,coolhuntera,coolhunterach,coolhunterami,coolhunterem,coolhunterom,coolhunterowi,coolhunterów,coolhuntery,coolhunterze,coolhunterzy,coolhunterka,coolhunterce,coolhunterek,coolhunterkach,coolhunterkami,coolhunterką,coolhunterkę,coolhunterki,coolhunterko,coolhunterkom,coolhunting,coolhuntingach,coolhuntingami,coolhuntingi,coolhuntingiem,coolhuntingom,coolhuntingowi,coolhuntingów,coolhuntingu,cooljazzowy,cooljazzowa,cooljazzową,cooljazzowe,cooljazzowego,cooljazzowej,cooljazzowemu,cooljazzowi,cooljazzowo,cooljazzowych,cooljazzowym,cooljazzowymi,coolomat,coolomacie,coolomatach,coolomatami,coolomatem,coolomatom,coolomatowi,coolomatów,coolomatu,coolomaty,coolpopowy,coolpopowa,coolpopową,coolpopowe,coolpopowego,coolpopowej,coolpopowemu,coolpopowi,coolpopowych,coolpopowym,coolpopowymi,cooper,coopera,cooperach,cooperami,cooperem,cooperom,cooperowi,cooperowie,cooperów,coopery,cooperze,cop,cop,copacabana,copacabaną,copacabanę,copacabanie,copacabano,copacabany,copia,copia,copią,copię,copii,copio,copiątkowy,copiątkowa,copiątkową,copiątkowe,copiątkowego,copiątkowej,copiątkowemu,copiątkowi,copiątkowych,copiątkowym,copiątkowymi,copland,coplanda,coplandach,coplandami,coplandem,coplandom,coplandowi,coplandowie,coplandów,coplandy,coplandzie,coponiedziałkowy,coponiedziałkowa,coponiedziałkową,coponiedziałkowe,coponiedziałkowego,coponiedziałkowej,coponiedziałkowemu,coponiedziałkowi,coponiedziałkowych,coponiedziałkowym,coponiedziałkowymi,copperfield,copperfielda,copperfieldach,copperfieldami,copperfieldem,copperfieldom,copperfieldowi,copperfieldowie,copperfieldów,copperfieldy,copperfieldzie,coppola,coppolach,coppolami,coppolą,coppole,coppolę,coppoli,coppolo,coppolom,coppolowie,coppolów,copy,copycat,copycacie,copycata,copycatach,copycatami,copycatem,copycatom,copycatowi,copycatów,copycaty,copyleft,copylefcie,copyleftach,copyleftami,copyleftem,copyleftom,copyleftowi,copyleftów,copyleftu,copylefty,copypasta,copypast,copypastach,copypastami,copypastą,copypastę,copypasto,copypastom,copypasty,copypaście,copyright,copyrighcie,copyrighta,copyrightach,copyrightami,copyrightem,copyrightom,copyrightowi,copyrightów,copyrightu,copyrighty,copyrighter,copyrightera,copyrighterach,copyrighterami,copyrighterem,copyrighterom,copyrighterowi,copyrighterów,copyrightery,copyrighterze,copyrighterzy,copyrightowy,copyrightowa,copyrightową,copyrightowe,copyrightowego,copyrightowej,copyrightowemu,copyrightowi,copyrightowych,copyrightowym,copyrightowymi,copywriter,copywritera,copywriterach,copywriterami,copywriterem,copywriterom,copywriterowi,copywriterów,copywritery,copywriterze,copywriterzy,copywriterka,copywriterce,copywriterek,copywriterkach,copywriterkami,copywriterką,copywriterkę,copywriterki,copywriterko,copywriterkom,copywriting,copywritingach,copywritingami,copywritingi,copywritingiem,copywritingom,copywritingowi,copywritingów,copywritingu,cor,coranny,coranna,coranną,coranne,corannego,corannej,corannemu,coranni,corannie,corannych,corannym,corannymi,coraz,corazzi,corazzich,corazziego,corazziemu,corazzim,corazzimi,corazziański,corazziańscy,corazziańska,corazziańską,corazziańskich,corazziańskie,corazziańskiego,corazziańskiej,corazziańskiemu,corazziańskim,corazziańskimi,corazziańsko,corazziańsku,corazziańskość,corazziańskości,corazziańskościach,corazziańskościami,corazziańskością,corazziańskościom,cordoba,cordob,cordobach,cordobami,cordobą,cordobę,cordobie,cordobo,cordobom,cordoby,cordura,cordur,cordurach,cordurami,cordurą,cordurę,corduro,cordurom,cordury,cordurze,corea,coreą,coreę,corei,coreo,corel,coreldraw,corelli,corellego,corellemu,corellich,corellim,corellimi,coreper,corfam,corfamach,corfamami,corfamem,corfamie,corfamom,corfamowi,corfamów,corfamu,corfamy,corgi,corgich,corgiego,corgiemu,corgim,corgimi,corhydron,corhydronach,corhydronami,corhydronem,corhydronie,corhydronom,corhydronowi,corhydronów,corhydronu,corhydrony,corhydron,corhydronem,corhydronie,corhydronowi,corhydronu,cork,corkiem,corkowi,corku,corleone,corleoński,corleońscy,corleońska,corleońską,corleońskich,corleońskie,corleońskiego,corleońskiej,corleońskiemu,corleońskim,corleońskimi,corleońsko,corleońsku,corneille,cornelius,corneliusa,corneliusach,corneliusami,corneliusem,corneliusie,corneliusom,corneliusowi,corneliusowie,corneliusów,corneliusy,cornell,cornella,cornellach,cornellami,cornelle,cornellem,cornellom,cornellowi,cornellowie,cornellów,cornellu,corner,cornera,cornerach,cornerami,cornerem,cornerom,cornerowi,cornerów,cornery,cornerze,cornflakes,cornflakesach,cornflakesami,cornflakesom,cornflakesów,cornflakesy,cornflakesach,cornflakesami,cornflakesom,cornflakesów,cornfleksy,cornfleksach,cornfleksami,cornfleksom,cornfleksów,cornhole,cornish,cornisha,cornishach,cornishami,cornishe,cornishem,cornishom,cornishowi,cornishów,cornishu,cornishy,cornwall,coro,coro,coroczny,coroczna,coroczną,coroczne,corocznego,corocznej,corocznemu,coroczni,corocznie,corocznych,corocznym,corocznymi,corolla,coroll,corollach,corollami,corollą,corolle,corollę,corolli,corollo,corollom,corolla,corollą,corollę,corolli,corollo,coroner,coronera,coronerach,coronerami,coronerem,coronerom,coronerowi,coronerów,coronery,coronerze,coronerzy,corontin,corontinach,corontinami,corontinem,corontinie,corontinom,corontinowi,corontinów,corontinu,corontiny,coropuna,coropuną,coropunę,coropunie,coropuno,coropuny,corot,corocie,corota,corotach,corotami,corotem,corotom,corotowi,corotowie,corotów,coroty,corrado,corrado,corral,corrala,corralach,corralami,corrale,corralem,corrali,corralom,corralowi,corralów,corralu,correct,correggio,correggia,correggiach,correggiami,correggie,correggiem,correggiom,correggiowi,correggiowie,correggiów,correggiu,corrida,corrid,corridach,corridami,corridą,corridę,corrido,corridom,corridy,corridzie,corrigenda,corrigend,corrigendach,corrigendami,corrigendą,corrigendę,corrigendo,corrigendom,corrigendy,corrigendzie,corsa,cors,corsach,corsami,corsą,corsę,corsie,corso,corsom,corsy,corsa,corsą,corsę,corsie,corso,corsy,corsair,corsaira,corsairem,corsairowi,corsairze,corsica,corsic,corsicach,corsicami,corsicą,corsice,corsicę,corsico,corsicom,corsiki,corsica,corsicą,corsice,corsicę,corsico,corsiki,corso,cors,corsa,corsach,corsami,corsem,corsie,corsom,corsu,cortazar,cortazara,cortazarach,cortazarami,cortazarem,cortazarom,cortazarowi,cortazarowie,cortazarów,cortazary,cortazarze,cortex,corteks,corteksach,corteksami,corteksem,corteksie,corteksom,corteksowi,corteksów,corteksu,corteksy,cortexach,cortexami,cortexem,cortexie,cortexom,cortexowi,cortexów,cortexu,cortexy,cortez,corteza,cortezach,cortezami,cortezem,cortezie,cortezom,cortezowi,cortezowie,cortezów,cortezy,corti,cortiego,cortiemu,cortim,cortland,cortlanda,cortlandach,cortlandami,cortlandem,cortlandom,cortlandowi,cortlandów,cortlandy,cortlandzie,corvette,corvette,coryza,coryz,coryzach,coryzami,coryzą,coryzę,coryzie,coryzo,coryzom,coryzy,cos,cosec,cosecans,cosecansa,cosecansach,cosecansami,cosecansem,cosecansie,cosecansom,cosecansowi,cosecansów,cosecansy,cosekundowy,cosekundowa,cosekundową,cosekundowe,cosekundowego,cosekundowej,cosekundowemu,cosekundowi,cosekundowych,cosekundowym,cosekundowymi,cosel,cosh,cosik,cosinus,cosinusa,cosinusach,cosinusami,cosinusem,cosinusie,cosinusom,cosinusowi,cosinusów,cosinusy,cosinusoida,cosinusoid,cosinusoidach,cosinusoidami,cosinusoidą,cosinusoidę,cosinusoido,cosinusoidom,cosinusoidy,cosinusoidzie,cosmati,cosmopolitan,cosobotni,cosobotnia,cosobotnią,cosobotnich,cosobotnie,cosobotniego,cosobotniej,cosobotniemu,cosobotnim,cosobotnimi,cospar,cosplay,cosplayach,cosplayami,cosplaye,cosplayem,cosplayom,cosplayowi,cosplayów,cosplayu,cosplayer,cosplayera,cosplayerach,cosplayerami,cosplayerem,cosplayerom,cosplayerowi,cosplayerów,cosplayery,cosplayerze,cosplayerzy,cosplayerka,cosplayerce,cosplayerek,cosplayerkach,cosplayerkami,cosplayerką,cosplayerkę,cosplayerki,cosplayerko,cosplayerkom,cosplayowy,cosplayowa,cosplayową,cosplayowe,cosplayowego,cosplayowej,cosplayowemu,cosplayowi,cosplayowo,cosplayowych,cosplayowym,cosplayowymi,cossiga,cossidze,cossigach,cossigami,cossigą,cossigę,cossigi,cossigo,cossigom,cossigowie,cossigów,costello,costner,costnera,costnerach,costnerami,costnerem,costnerom,costnerowi,costnerowie,costnerów,costnery,costnerze,coś,com,coście,cośmy,coś,cośkolwiek,cośmy,cośrodowy,cośrodowa,cośrodową,cośrodowe,cośrodowego,cośrodowej,cośrodowemu,cośrodowi,cośrodowych,cośrodowym,cośrodowymi,cotangens,cotangensa,cotangensach,cotangensami,cotangensem,cotangensie,cotangensom,cotangensowi,cotangensów,cotangensy,cotangensoida,cotangensoid,cotangensoidach,cotangensoidami,cotangensoidą,cotangensoidę,cotangensoido,cotangensoidom,cotangensoidy,cotangensoidzie,coton,cotona,cotonach,cotonami,cotonem,cotonie,cotonom,cotonowi,cotonów,cotony,cotonou,cottage,cottbus,cotygodniowy,cotygodniowa,cotygodniową,cotygodniowe,cotygodniowego,cotygodniowej,cotygodniowemu,cotygodniowi,cotygodniowo,cotygodniowych,cotygodniowym,cotygodniowymi,coubertin,coubertina,coubertinach,coubertinami,coubertinem,coubertinie,coubertinom,coubertinowi,coubertinowie,coubertinów,coubertiny,couchsurfer,couchsurfera,couchsurferach,couchsurferami,couchsurferem,couchsurferom,couchsurferowi,couchsurferów,couchsurfery,couchsurferze,couchsurferzy,couchsurferka,couchsurferce,couchsurferek,couchsurferkach,couchsurferkami,couchsurferką,couchsurferkę,couchsurferki,couchsurferko,couchsurferkom,couchsurfing,couchsurfingach,couchsurfingami,couchsurfingi,couchsurfingiem,couchsurfingom,couchsurfingowi,couchsurfingów,couchsurfingu,cougar,cougara,cougarach,cougarami,cougarem,cougarom,cougarowi,cougarów,cougary,cougarze,cougar,cougara,cougarem,cougarowi,cougarze,coulage,coulomb,coulomba,coulombach,coulombami,coulombem,coulombie,coulombom,coulombowi,coulombowie,coulombów,coulomby,count,councie,counta,countach,countami,countem,countom,countowi,countowie,countów,county,countdown,counter,countera,counterach,counterami,counterem,counterom,counterowi,counterów,countery,counterze,countrowiec,countrowca,countrowcach,countrowcami,countrowce,countrowcem,countrowcom,countrowcowi,countrowców,countrowcu,countrowcy,countrowcze,countrowy,countrowa,countrową,countrowe,countrowego,countrowej,countrowemu,countrowi,countrowo,countrowych,countrowym,countrowymi,country,county,couperin,couperina,couperinach,couperinami,couperinem,couperinie,couperinom,couperinowi,couperinowie,couperinów,couperiny,courante,courancie,courbet,courbecie,courbeta,courbetach,courbetami,courbetem,courbetom,courbetowi,courbetowie,courbetów,courbety,courchevel,courier,couriera,courierem,courierowi,courierze,courtage,courtney,courvoisier,courvoisiera,courvoisierach,courvoisierami,courvoisierem,courvoisierom,courvoisierowi,courvoisierów,courvoisiery,courvoisierze,cousteau,coventry,cover,covera,coverach,coverami,coverem,coverom,coverowi,coverów,coveru,covery,coverze,coverage,covercoat,covercoacie,covercoatach,covercoatami,covercoatem,covercoatom,covercoatowi,covercoatów,covercoatu,covercoaty,covermark,covermarkach,covermarkami,covermarki,covermarkiem,covermarkom,covermarkowi,covermarków,covermarku,coverować,coverowali,coverowaliby,coverowalibyście,coverowalibyśmy,coverowaliście,coverowaliśmy,coverował,coverowała,coverowałaby,coverowałabym,coverowałabyś,coverowałam,coverowałaś,coverowałby,coverowałbym,coverowałbyś,coverowałem,coverowałeś,coverowało,coverowałoby,coverowały,coverowałyby,coverowałybyście,coverowałybyśmy,coverowałyście,coverowałyśmy,coverowana,coverowaną,coverowane,coverowanego,coverowanej,coverowanemu,coverowani,coverowania,coverowaniach,coverowaniami,coverowanie,coverowaniem,coverowaniom,coverowaniu,coverowano,coverowany,coverowanych,coverowanym,coverowanymi,coverowań,coveruj,coverują,coverując,coverująca,coverującą,coverujące,coverującego,coverującej,coverującemu,coverujący,coverujących,coverującym,coverującymi,coverujcie,coverujcież,coveruje,coverujecie,coverujemy,coverujesz,coveruję,coverujmy,coverujmyż,coverujże,covid,covida,covidach,covidami,covidem,covidom,covidowi,covidów,covidu,covidy,covidzie,covidek,covidka,covidkach,covidkami,covidki,covidkiem,covidkom,covidkowi,covidków,covidku,covidowiec,covidowca,covidowcach,covidowcami,covidowce,covidowcem,covidowcom,covidowcowi,covidowców,covidowcu,covidowcy,covidowcze,covidowy,covidowa,covidową,covidowe,covidowego,covidowej,covidowemu,covidowi,covidowo,covidowych,covidowym,covidowymi,covidoza,covidoz,covidozach,covidozami,covidozą,covidozę,covidozie,covidozo,covidozom,covidozy,covidówka,covidówce,covidówek,covidówkach,covidówkami,covidówką,covidówkę,covidówki,covidówko,covidówkom,covidzik,covidzika,covidzikach,covidzikami,covidziki,covidzikiem,covidzikom,covidzikowi,covidzików,covidziku,covington,covingtonem,covingtonie,covingtonowi,covingtonu,coward,cowarda,cowardach,cowardami,cowardem,cowardom,cowardowi,cowardowie,cowardów,cowardy,cowardzie,cowboy,cowboi,cowboya,cowboyach,cowboyami,cowboye,cowboyem,cowboyom,cowboyowi,cowboyów,cowboyu,cowboyski,cowboyscy,cowboyska,cowboyską,cowboyskich,cowboyskie,cowboyskiego,cowboyskiej,cowboyskiemu,cowboyskim,cowboyskimi,cowboysko,cowboysku,cowboyskość,cowboyskości,cowboyskościach,cowboyskościami,cowboyskością,cowboyskościom,coweekendowy,coweekendowa,coweekendową,coweekendowe,coweekendowego,coweekendowej,coweekendowemu,coweekendowi,coweekendowych,coweekendowym,coweekendowymi,cowieczorny,cowieczorna,cowieczorną,cowieczorne,cowieczornego,cowieczornej,cowieczornemu,cowieczorni,cowieczornych,cowieczornym,cowieczornymi,coworker,coworkera,coworkerach,coworkerami,coworkerem,coworkerom,coworkerowi,coworkerów,coworkery,coworkerze,coworkerzy,coworking,coworkingach,coworkingami,coworkingi,coworkingiem,coworkingom,coworkingowi,coworkingów,coworkingu,coworkingowy,coworkingowa,coworkingową,coworkingowe,coworkingowego,coworkingowej,coworkingowemu,coworkingowi,coworkingowych,coworkingowym,coworkingowymi,cowtorkowy,cowtorkowa,cowtorkową,cowtorkowe,cowtorkowego,cowtorkowej,cowtorkowemu,cowtorkowi,cowtorkowych,cowtorkowym,cowtorkowymi,cox,coks,coksa,coksach,coksami,coksem,coksie,coksom,coksowi,coksowie,coksów,coksy,coxa,coxach,coxami,coxem,coxie,coxom,coxowi,coxowie,coxów,coxy,cozia,cozią,cozię,cozii,cozio,cozido,cozimowy,cozimowa,cozimową,cozimowe,cozimowego,cozimowej,cozimowemu,cozimowi,cozimowych,cozimowym,cozimowymi,cożeś,cożem,cożeście,cożeśmy