oobe,oocysta,oocyst,oocystach,oocystami,oocystą,oocystę,oocysto,oocystom,oocysty,oocyście,oocyt,oocycie,oocytach,oocytami,oocytem,oocytom,oocytowi,oocytów,oocytu,oocyty,oogamia,oogamiach,oogamiami,oogamią,oogamie,oogamię,oogamii,oogamij,oogamio,oogamiom,oogamiczny,oogamiczna,oogamiczną,oogamiczne,oogamicznego,oogamicznej,oogamicznemu,oogamiczni,oogamicznych,oogamicznym,oogamicznymi,oogenetyczny,oogenetyczna,oogenetyczną,oogenetyczne,oogenetycznego,oogenetycznej,oogenetycznemu,oogenetyczni,oogenetycznych,oogenetycznym,oogenetycznymi,oogeneza,oogenez,oogenezach,oogenezami,oogenezą,oogenezę,oogenezie,oogenezo,oogenezom,oogenezy,oogonium,oogonia,oogoniach,oogoniami,oogoniom,oogoniów,ooid,ooidach,ooidami,ooidem,ooidom,ooidowi,ooidów,ooidu,ooidy,ooidzie,oolit,oolicie,oolitach,oolitami,oolitem,oolitom,oolitowi,oolitów,oolitu,oolity,oolitowy,oolitowa,oolitową,oolitowe,oolitowego,oolitowej,oolitowemu,oolitowi,oolitowych,oolitowym,oolitowymi,oolog,oolodzy,oologa,oologach,oologami,oologi,oologiem,oologom,oologowi,oologowie,oologów,oologu,oologia,oologiach,oologiami,oologią,oologie,oologię,oologii,oologij,oologio,oologiom,oologiczny,oologiczna,oologiczną,oologiczne,oologicznego,oologicznej,oologicznemu,oologiczni,oologicznych,oologicznym,oologicznymi,oolong,oolonga,oolongach,oolongami,oolongi,oolongiem,oolongom,oolongowi,oolongów,oolongu,ooo,ooplazma,ooplazm,ooplazmach,ooplazmami,ooplazmą,ooplazmę,ooplazmie,ooplazmo,ooplazmom,ooplazmy,oosfera,oosfer,oosferach,oosferami,oosferą,oosferę,oosfero,oosferom,oosfery,oosferze,ooskop,ooskopach,ooskopami,ooskopem,ooskopie,ooskopom,ooskopowi,ooskopów,ooskopu,ooskopy,oospora,oospor,oosporach,oosporami,oosporą,oosporę,oosporo,oosporom,oospory,oosporze,ooteka,ootece,ootek,ootekach,ootekami,ooteką,ootekę,ooteki,ooteko,ootekom,ootyp,ootypach,ootypami,ootypem,ootypie,ootypom,ootypowi,ootypów,ootypu,ootypy