aluprof,anastrof,antropozof,antystrof,apostrof,apostrof,auksautotrof,auksoheterotrof,auksotrof,autotrof,banhof,biotrof,chemoautotrof,dychotrof,embriotrof,epanastrof,epistrof,eutrof,filozof,foolproof,fotoautotrof,heterotrof,historiozof,imhof,jatrof,katastrof,kilof,krzysztof,krzysztof,mezotrof,monostrof,oligotrof,parazaurolof,proof,proof,prozaurolof,pseudofilozof,sof,strof,stutthof,sztof,sztof,tempelhof,teozof,waterproof,waterproof,wolof,zamenhof,zaurolof